# Nicoletta Alice, Piccolo Chiara, Pitzalis Nicola
# quiquoqua
# ML-CUP23
# 14/01/2024
1,9.073980650179244,8.749802688400845,19.722100230545216
2,9.393419098205772,-36.26856841452855,33.77027547563055
3,9.582531646666627,5.26415406210971,20.043783362303362
4,-14.292390019488888,9.361360765380395,24.716372433723794
5,-48.93639454569644,8.240756760071816,30.678182865512547
6,9.199171867525061,8.836988426754688,13.377832351352026
7,9.423276418794265,8.255033168693203,13.50722093261
8,8.301877957892218,9.33985093972253,6.872719432449945
9,4.706220085363187,9.533961215611289,6.464191809092812
10,-38.51623003148416,8.862713532580642,24.407328020864266
11,5.6930496379929085,9.532048895031755,12.857862104835766
12,8.639615616041262,-46.5199196904831,14.895503249282736
13,-11.480312738086962,-63.52121466709271,16.040693345530936
14,-23.604926958858247,-51.467340606430206,10.007531928341255
15,-69.07055885870912,-4.784251844623078,4.67081983536688
16,9.601925814965629,-16.044884380031753,7.920603761488029
17,-6.594774165550919,-68.98173136127033,8.721931913698777
18,9.599980501334448,-28.960575145915403,33.28354433490654
19,9.601397907397043,6.649722183080916,13.761764813563024
20,7.981726011606005,-54.14339161017604,15.155835464861832
21,7.18842353969127,-58.692740934200614,2.797021867440696
22,9.582387139443563,-25.761211116620622,20.9942362537806
23,-49.08846211130242,8.332179974764307,24.118885371574965
24,-70.61642411122793,-1.4375813916665923,17.212777108694574
25,6.116469679876932,-62.76304352669181,2.8880875745216192
26,9.895565273405898,-5.738442311521884,7.999118437094284
27,8.15095840654072,-53.668670115489114,2.598661612962016
28,5.097919230876942,-66.09144926818257,28.174184891318298
29,9.819319414339061,-4.8815542202800986,7.9260355701719805
30,9.195963893652191,8.121443020714784,25.917210389126144
31,9.415725495132751,-6.0421915427620565,20.710116517131713
32,4.521349784223453,9.525565732177814,6.443756299004809
33,5.220136459396055,9.470323777121036,0.35963473355550485
34,-5.235018676294777,-68.82216952429161,15.514477229908852
35,-63.80123958196801,-11.389670677567803,29.738235337363676
36,-10.202199618239414,-65.04584015752349,28.653569709218868
37,5.968120160560137,-61.17225748223573,34.27767889691474
38,-55.07131304867742,-20.131386611204082,16.786276843911274
39,1.7405535138747397,-70.30888649751478,34.59475550737468
40,6.799999625612017,-60.98824284330029,8.971491155070822
41,-67.8016175721672,3.798927317512775,10.930814933020454
42,0.4684030514410063,9.315428570341245,18.77779537147357
43,3.250010870655968,-69.24049690530089,9.478848663000244
44,7.316475017064197,9.439705191116945,19.458847921326303
45,6.847677619715408,-60.387998299512866,15.37241538570951
46,7.273917554513763,9.68705939459577,31.996224118213966
47,-1.1290030568685114,-70.4346712967333,9.41392980822329
48,2.2582249040886118,9.729420171335438,12.670519362515162
49,5.842760709586704,9.537378713012062,0.3603584487914178
50,7.859584953720694,-52.84393419369659,27.721302235831665
51,-70.76378640170617,2.1687776482412255,23.65410319521006
52,-40.02833921482706,-34.458469867835205,16.3609083130058
53,-54.73220165244552,-20.268522217500138,4.228316024685197
54,-65.10955562317915,5.414126481306079,17.483554566830502
55,-1.0420143543061315,9.299395393018672,18.834784520580726
56,4.604345767963722,9.528970879541822,6.452353867359872
57,9.28565180223833,-35.40865187931972,8.502234819016536
58,9.402106089813685,0.36851322570661094,1.516945220576997
59,4.517410148578051,-67.62460191599385,9.289530272513122
60,-47.89562701470528,8.451203804683917,11.533710654627251
61,5.809406138178018,-61.91448034148235,34.38837240788682
62,5.723446878036287,-64.08323183209873,2.9074849654429737
63,9.205794484517789,-35.65676178423379,21.264363532520186
64,9.566947465443032,6.886192570990147,1.251810623674793
65,-39.516253203249775,-34.94277888326592,4.009160300452602
66,-30.201069922450962,-44.887794932198894,10.089772876044771
67,5.40154783508533,-65.17489785590203,15.40484077703934
68,-41.688962701270015,-42.83110309215853,24.172277442373904
69,9.468983308975625,2.4571960601275427,1.3758553640660736
70,-38.241939056803304,8.881526119460368,24.431565307060588
71,-58.52143407805535,7.33714727235818,17.81156418215123
72,9.836770574606382,-14.317246647600147,20.570577804921747
73,8.100142045042045,-48.72946009993386,8.908890672919362
74,-3.3195388823408067,9.560225414693956,25.124040971765194
75,7.5887795554570205,9.45382472672459,6.798497653015313
76,-71.36006346815334,6.27332627989297,17.54583385547793
77,9.609286159196976,-6.201226878992058,26.925249897098354
78,-23.739913008017957,-51.31663447776204,10.035707404321558
79,9.592234418021151,-8.306349920809337,14.682301464546697
80,8.892421753984284,-23.409558083236583,2.3219383529470288
81,-61.37830869863626,6.63740566273664,17.650773448710538
82,-61.26058285668339,-14.054962782098807,4.248441787003928
83,9.696593216361354,4.5879897944709045,7.712666419284931
84,9.18819592537394,8.759088857830417,7.073023335537078
85,9.283798858951936,8.038363841290982,19.798651417048504
86,-68.59998599855055,3.953279278642106,30.289507362110935
87,-31.672432381523265,-42.5070253762393,16.39909394572067
88,6.959063071876882,9.639077765362224,0.4247429518118556
89,9.617298206641909,-3.36981973659345,26.944120319868215
90,-17.038849832663967,-58.66049906202919,3.7508471004264883
91,-19.067321051968566,9.47405726340563,24.681708652315685
92,8.642833064259467,-46.93907771552831,20.993358303460408
93,-63.68015726583727,-11.40477588856213,4.349764968756499
94,-54.53317980695122,7.833263452504054,5.3396893074632725
95,-38.059157206061805,9.204920767885529,17.943265733655526
96,-1.1811427665370122,9.655334854625822,25.281346738771283
97,4.8703052540705745,-66.97974174243923,21.596180846681307
98,9.895382617065476,-6.519238765909262,1.6437536668434247
99,-64.79495879832703,5.5703141200765804,17.525368875149745
100,2.579617515506083,-70.61869527339255,28.19013581764533
101,8.036537953511882,9.57384369876961,32.042932450137876
102,9.245527971503927,-16.373991868495445,1.9365587275734348
103,9.482607061428869,3.4567332961533523,14.069294886392743
104,-7.210120136915199,-67.29636027597975,28.336445035416848
105,1.9180428602706474,-70.50438177749007,15.711994442395437
106,9.925935628531334,-32.098904312558076,1.74529297016833
107,9.559913265136423,6.851779279869099,1.2521176163098313
108,-51.183751647188856,-23.137253171191908,22.96486787203336
109,-70.11192947177173,-2.9328450533504706,4.618851536649377
110,-8.477765647947805,9.50626957192132,6.135380774327188
111,-64.87958922475585,5.100277446417278,30.32065763860259
112,9.720169390685033,-12.6406931303789,8.177786414010509
113,9.604984842756718,6.656499643805307,13.760872135162582
114,-70.87369003816691,1.7164662420976569,4.755775497477758
115,4.961481824348433,9.444021145808344,0.3624430384167675
116,-61.94108532043483,-13.399649171677126,4.270402569176515
117,0.35111999307581165,8.979859399958125,6.326693389456241
118,9.66855282725886,0.07718187663264153,7.866260174557162
119,-24.977623817171246,-49.549690683665816,22.50512436910367
120,9.424671101412821,0.69808823593396,1.50538089001587
121,-54.827753843501604,7.81020258980182,23.95077284713441
122,8.667501255872384,-41.93542025172145,14.917115198616745
123,-7.600729281694784,9.599873046179864,18.78208763598682
124,-66.631973179116,5.3237647402073005,24.06214590350039
125,2.325851635189223,-70.1481726317165,15.724442576100708
126,5.432935026917992,-65.27850820159469,28.12769254228929
127,-9.985505547042278,9.526181164228063,18.737052185295305
128,9.513534456907598,2.7447734257405942,7.772167123028872
129,6.874636416165849,-59.97071268770877,2.8327852472472177
130,9.521466600589422,3.2270575494645803,1.353983954968167
131,9.676044103783127,-16.25297899052442,20.575655150790645
132,-69.49581568611578,-4.8794979735229145,16.758750387164728
133,8.294034092493334,9.376478006858614,19.578745934190465
134,2.705406863965387,9.344584093581814,31.820305754378
135,-26.093870169980114,-48.904829687840156,10.027904172289038
136,8.614793476955475,9.353765853503653,32.11067497442822
137,-47.106393885445875,8.472040201489431,24.19467198307558
138,-68.96042606127587,-4.960548216172101,4.660760829080746
139,-56.47784397846651,7.367234810535915,5.259542990153844
140,-8.335828559080083,-66.65402352733102,34.913595139209875
141,-49.58881520448845,8.498670474807383,5.327860470496207
142,7.8275673839618705,9.421934375113588,12.95479439537588
143,10.020107310241578,-8.572358726977017,8.2896240377399
144,-69.55218874253119,-3.6624280608156936,23.317704524652452
145,8.250274764760098,-52.65527459759522,2.5511286339216204
146,-61.95904426494682,-13.400713986174917,4.27056451016716
147,9.139339833842648,8.854166498684409,7.052285111873649
148,-29.83474605181204,9.307904003003213,30.80631983312304
149,-55.820982312908356,8.453565778436566,10.915170376843735
150,-70.78747679902513,-3.1116773733783396,11.06775404733163
151,-67.23096857334139,-8.124275088574958,23.867132344727768
152,9.355759271210918,6.715900721524649,26.15230674783387
153,7.3672664459305635,9.674708437301446,32.000373534780834
154,5.821872463736742,9.582809265257925,6.61057729633617
155,6.268264204709918,-59.88330724514325,34.14338844627227
156,9.124718775109418,-15.565222231356477,33.416138776384095
157,5.552337228958307,9.53757219436169,12.857352402481775
158,7.806729624355221,9.44144617652027,19.51731117181263
159,4.5746343118915185,9.530646549454275,6.448663167288663
160,-62.26917040663545,-12.904895247179635,10.589043437461267
161,-6.396907290301361,-67.71570327301325,28.243495330959906
162,-12.163333660479688,-62.61723295756161,16.118012800186882
163,9.569592593515354,6.835829500485923,7.349507108778775
164,-18.273603543623278,9.747960733160168,31.0565645651826
165,-23.116054829879424,-51.582673029100434,29.006480061549972
166,7.0682560621929,-56.911407086791144,33.90860106804674
167,-64.81491593864283,5.344817013114745,11.093675349019131
168,-60.49735215005249,6.492556243759859,5.038259302576944
169,-67.56331934866414,4.646983984064929,4.859130578255195
170,-42.61710951144504,-32.38872907726345,29.243290357660964
171,-39.50908748963171,8.813297012960282,30.38747994133896
172,-67.64762631232836,-7.176001062526828,10.837085888176286
173,-29.725913538990902,9.219296109777764,11.788343738637462
174,-41.34363972975154,-33.11065848916361,16.337462726794595
175,-16.584249355604992,-57.98497728540771,9.858973595832666
176,2.7754862817670873,9.706437176932312,12.683598647101187
177,-56.33990777696564,-18.919232022259926,16.733929617539253
178,9.564657846152448,-3.8842593158799104,33.02804237538299
179,9.562436570850531,3.155146282575856,7.773797735119162
180,-35.32542607889137,-39.68812129351638,9.923419717067612
181,7.794499772193538,-55.772560957639506,21.764657313585676
182,9.759352223426742,-26.145261699044,8.371557263188159
183,-63.85481687941876,-11.29987191700734,29.734497263215296
184,-4.664986430195055,9.194574165831003,12.10442371951956
185,-21.42648806348911,-53.141139738464084,23.045860178216806
186,5.979319425558695,-63.21398849216189,2.8950626251750182
187,-46.342151876169126,-28.277363687415118,4.049487941931173
188,-9.1310085826105,-67.51078607149944,22.673065283602526
189,-13.52656137802945,-61.80820256430868,22.471000647000228
190,-61.695134360657406,-14.211560412033768,29.479800450951124
191,8.71070423111278,-40.673031731433,14.875656936436433
192,8.968406416958938,-37.126696077116286,14.637386837477996
193,-27.419796752373095,-47.18722198677637,22.516676817432902
194,-70.72106248642233,-0.3028166890242076,29.730855360464528
195,8.067379865358951,-54.25501012072651,21.623740508703584
196,9.427802904745146,1.457596512515904,1.44846810116706
197,9.692180202344531,4.775748282396078,7.690842557538467
198,-68.81762155620564,-5.884010590264037,16.559779003689247
199,8.798936821190022,9.225324044044974,13.213424329347182
200,-1.2325707357772353,9.657317400739206,25.281539125230786
201,8.334344257642684,-46.666495567671205,8.658345063448525
202,7.703919074780333,9.638854921703736,32.019046226527756
203,-70.05315442150393,-3.0789564654995467,4.630021320531396
204,-9.543240838852366,9.481989285268888,6.159278827673903
205,7.999948974647749,-54.59219810083524,21.6558106172983
206,3.3650315939068696,9.388915133224046,31.864852231267996
207,-56.269398665176766,-18.65746900238174,10.57232956730233
208,-35.52075239230636,9.012635921153068,11.869545944085228
209,-13.564834764788808,9.413730219574848,5.9330402833339875
210,-68.60950150262609,-6.318730990594668,10.72746040541694
211,9.580989030214628,-28.874354472007486,8.61625133937583
212,0.7162198330248387,-70.59341089745752,9.347724263994932
213,9.558566947589417,7.001660368250543,1.249406791810084
214,-8.350518691231132,-66.40936531996414,9.587150339391304
215,8.881560612286846,9.16215675829179,13.244852953198613
216,4.456015053766875,-67.69947765369692,9.30350014817424
217,-30.27051000523205,-44.709952544378076,3.8707424871989886
218,-36.945827477996474,9.227745670374013,17.94489140348062
219,9.321754373611281,7.174218621959317,26.097539193023664
220,10.007732364543196,-8.830577172995813,8.295557983231584
221,9.183010865267466,8.461164029512952,19.75676958003495
222,5.103410807997248,9.57376409021155,12.843214561037504
223,-70.59048953209256,-1.162387347929278,29.527363285189686
224,-31.041004909908764,-43.026383971478865,16.415942520023
225,-70.68720259909989,-0.5803374896622373,29.65643036398892
226,-69.36182416960676,3.2675174551276918,18.002975603664474
227,-29.581024207880763,9.238974258214132,11.782666028841646
228,9.557153305779757,1.6631759321380457,32.67098954812058
229,9.21019770735408,8.773124818960277,1.0570841950238172
230,-52.40935997341179,8.047869164775012,23.91583756171198
231,0.8840624065219274,9.333859369897162,18.794613873162696
232,-23.00589103332619,9.189491819393655,11.829252864496024
233,7.826419245428243,9.41117169576495,6.8215556541889155
234,-13.25969697673239,-62.34666272027871,28.651695154472613
235,-59.954558728346555,-16.104545097623504,29.567094661200667
236,-69.38636343518496,-4.27458273189922,4.686364614696148
237,-21.754321901379765,-52.9001326087257,22.95846392675105
238,-3.337165877596255,9.549208525253823,25.12042682606797
239,8.200878872060676,9.356128881281256,6.862067966923147
240,9.642627334118409,-1.2452815222210358,14.160820645496006
241,-71.03831453390589,-1.7463275924181167,11.221140794557089
242,1.41076619100281,9.72398291158549,12.650532704888834
243,-41.168747254751416,-33.227408109333595,10.422214953100248
244,9.438814066710858,7.803610687342342,7.2110923429623295
245,-66.01297009879197,5.348392010319463,4.87896470382056
246,-26.281558662514055,-48.725409561083325,10.016004875731015
247,9.230052345067117,-35.512400461797114,21.263671856167466
248,-70.86057380119063,0.38995413338814017,23.330032268499764
249,-55.71557116601125,7.710159102690338,23.993272329627423
250,9.274757548267063,-21.42319352246789,26.754194335867528
251,-5.1976265215695365,9.470820358412924,18.810604662711565
252,-16.031545417672284,9.469974207401801,5.890699035225433
253,9.92667446067533,-12.487049320628744,14.682355183532295
254,9.243800993329433,-35.41405538418573,21.262575003938643
255,7.837194842939859,-55.046000197913465,15.19821002060175
256,3.5615662464947833,-68.63257177574914,15.625830888453956
257,-25.868467641326777,-49.41632127406441,16.371415773592027
258,0.22715861207727608,9.591414609505929,25.267932391495822
259,9.224029159592883,-12.10482900488955,27.1314895078984
260,8.770339847502896,-38.97445176606983,21.220546119148814
261,-9.49979772909205,9.384275642818526,31.09341545165687
262,2.5181170986477364,-69.90232564027109,9.460914433022364
263,9.69740360240186,-1.2446640817206407,26.809176517638036
264,5.490725892554787,9.560426577756772,12.856678352426115
265,9.236476639356098,7.954905654356584,25.954840810596572
266,9.1554935336431,-9.525833998144734,27.142592665937116
267,-38.937213242096774,-35.61480466567823,3.9560628088542322
268,-12.309235340116786,9.41988678429901,6.03338432568388
269,-45.48267859426589,-30.219865525113647,23.28658260576541
270,6.672610307215213,9.417760792815468,19.379709001059275
271,7.344675993119826,-57.71324834704851,9.062666695143616
272,9.376004437272012,-12.98836689309949,27.152267165437785
273,-49.97436042986929,-24.166898943970363,22.906741655439646
274,-64.58049335950363,-10.321632685727765,29.69371409611346
275,2.1217487207540384,9.32488689164841,18.898238643938363
276,-33.852189605628055,9.249761351899185,18.149973072785915
277,9.774963991550091,-22.48762738823116,8.139078730508997
278,1.2265372244401127,-71.62819275519529,28.144725087243653
279,5.612830755956639,-62.94638833360125,34.55320485907693
280,7.889964411596663,-51.634102422940146,9.102378551501392
281,9.715135887758137,-12.987304886506772,8.181035362688638
282,-21.523854922546377,9.261360409469635,11.900060850023637
283,-37.25683208686134,-37.40268188281781,29.339157903752596
284,-70.20085714304902,-2.3356517022385184,29.452892692446518
285,5.768477540812933,9.52874853877837,0.359513723616144
286,-70.91003396242317,1.031683578690514,23.45720435260558
287,-37.44808100918442,-37.12930699444611,29.40520184665583
288,-52.40054544993204,8.042034998857677,23.917176159221583
289,9.668878599180998,0.5123991058617308,32.689185739625465
290,9.585116436146219,-12.45124036545309,1.847415704542938
291,-12.839898226384983,-71.99525068805568,22.122171754715506
292,9.177289822247342,8.502171831238348,19.75165426780948
293,-70.52419081678737,-1.4245955296201813,29.486688363726195
294,8.504412026438729,-49.87605080915422,14.891573369758579
295,9.129405157697,8.940918882709662,13.345092652473175
296,4.813158108290892,9.340031015991466,19.162792474760042
297,9.3800628514547,-22.142486113968765,20.903934593158205
298,-64.36331226025472,-10.594012327490805,29.703317306878102
299,9.5043716228114,-25.446867718261977,33.10354332200966
300,7.41782308906114,9.66919768171813,32.00266146436013
301,6.371031573510601,9.41055392183067,25.40062765327871
302,7.396766266767263,-57.80344273991335,2.768137950890192
303,9.380701650466786,7.740193509284699,32.367178065397994
304,-1.811982025480464,9.041383833177349,6.2579680960234825
305,-20.752574997624432,-54.53975121053013,9.466111486057205
306,-11.993887475068046,9.35111218253735,12.315236711217967
307,9.470256250863622,-29.811800404883307,14.562335048390304
308,9.649833168988144,-5.468192276541221,26.981405471453
309,-70.93984349750508,-2.66189056167578,11.145313601356948
310,-25.499343445905776,-48.97831676000748,22.504149871993565
311,-25.47291764217433,-50.03683831974776,16.139175347615712
312,4.423591954046214,9.32646914859667,25.299235953237506
313,9.117454425428132,8.38981843427304,25.852116019767692
314,9.487769105635588,-32.83026232021403,21.212297113025087
315,3.4005893448583544,-68.8687487096333,15.65423220258655
316,8.39804909638593,9.453578697923266,0.7136738406212146
317,6.175546176143204,-62.95669555305769,15.402040971123863
318,-15.179346775738855,-60.06756282047145,15.860776045799255
319,9.675485783026884,-0.7330507393544495,20.12235530327577
320,-63.025395950039716,-11.826393155813882,10.789644805279831
321,8.713471545776407,8.988415553688359,25.695457149850075
322,9.675314679652608,4.078326598557199,32.78240737425735
323,0.8727193436796419,-71.70467769593475,28.153942834623145
324,-70.73247179363896,0.17262620753132546,29.86727935192233
325,-10.939627919594368,9.57202312636043,24.932467003554773
326,9.12590190621103,8.910826274389855,1.0097720424029788
327,9.574719656348924,5.469435471199482,1.2838477634995478
328,-11.731869020806162,-63.18536931873966,16.071683968876194
329,-44.379966556043904,-30.169915176208768,16.361886530603403
330,-10.27875595672593,-73.1959664076893,12.385414435869238
331,-55.8698131079038,7.677823162019658,17.80040636773183
332,9.60635179517156,-11.94034428893676,1.8385838391222777
333,-28.075073559708052,9.463724634506129,30.838849710935893
334,8.045933779827449,-54.500698747632,2.636321195531744
335,9.522494178709902,-25.117826778070548,20.94606385736241
336,9.433004736303829,-21.39886352929187,33.51921453248619
337,0.7427871864003648,-70.59767673663205,34.637396349674326
338,8.875631765023916,9.128280113674277,6.974844586299956
339,-3.9021591993215266,9.511848279749296,25.049041922149975
340,-15.187632436726613,9.317253980052893,24.66589153346557
341,9.360744791236721,6.342813420231774,26.191350914888705
342,-37.85490030821236,-36.58429142742614,29.480048472540755
343,-50.41504819604115,8.44734862136421,5.347511666188398
344,-55.86296295522,-19.167586979249087,4.209298036410398
345,9.45852944734278,6.732567975866743,19.94747171688182
346,9.12283969829945,-10.759184597867455,27.12712815962816
347,2.7783862120463962,9.341124161848942,6.399543852394836
348,1.5401087791309997,9.541250949447168,25.285413218108996
349,9.644907836022556,-14.58081975548185,8.051177649426041
350,8.818156219687049,-50.19028587575514,34.23688564495295
351,-68.94030063476012,2.5217790098046455,10.86499492178567
352,10.618375063758151,-34.532714567827,1.268669807076805
353,-66.29801625025155,-8.34501055184787,29.72995668106922
354,-58.093906197041065,11.50414039436708,10.931462588750389
355,-70.09704180206452,1.178936990462137,10.969260195197707
356,-43.38778501000301,-31.368172635335583,29.195691967699066
357,-20.95115262859519,9.31268808224974,11.955544716783463
358,9.352458210860501,-0.0680945472509018,1.5155754033902924
359,-28.334469061495916,9.36204194198678,5.664096824218879
360,9.296512473228734,7.508777277916467,26.044791216454815
361,-33.29207402910972,-41.5202653828275,10.273110570753287
362,-15.169603768871415,9.353598587402029,12.188137385567863
363,-30.54310991490933,-44.45757950611007,28.91152328289803
364,-39.02687779239823,8.841710389503344,30.361272464458334
365,-53.67367540996346,-21.53198580206181,29.323050820424008
366,-44.94917999211976,-29.62337882719361,10.55425173117345
367,9.622175767940622,-30.209329989331867,33.55171312671452
368,7.6425124383214165,-56.62130358343627,21.838475958805603
369,9.416830940996897,7.935069014547078,7.195504010512883
370,8.53336808723821,9.393369561375792,32.09511038841477
371,-58.62886120157067,6.061504946291258,29.921068924514817
372,-6.442913381902791,-68.61346571432185,14.943389624373022
373,6.98932047849097,9.433484590671416,19.41875728855321
374,5.811878209568679,9.586166071441896,6.6097703618073425
375,9.689578196240133,-0.07498442568032386,20.078033670524555
376,-37.71231197054155,-36.75644008281908,29.465088546179164
377,-29.75425757465569,-45.33115623469858,29.043073607999144
378,9.625128928495698,-3.9898197562389286,20.553043966239848
379,-56.410283908422876,-18.837007963769864,16.73607173911598
380,-11.374390390261572,9.377821503043918,12.323580612205328
381,-6.268866999347676,-70.19205102986807,8.103120131857782
382,-14.396422035833115,9.475789854553534,31.095419504728643
383,9.167737961717746,8.848263712175887,1.031372908310145
384,9.190525577217091,8.451012044413105,19.755917221945246
385,9.303454045984022,-15.947590250487867,1.9184878208277998
386,-54.32496545474231,-20.6038227160462,4.243261688932142
387,9.884684674509339,-13.524417192146691,20.609351869805586
388,9.556627066583104,-31.75721715943005,33.74682974315604
389,6.868597929837523,9.423281233903648,19.404749941374956
390,9.060520947699995,-36.785064779675636,27.607335105652908
391,8.15458976037758,9.372780310232278,6.853868548127133
392,8.975276086693784,9.099875210959539,32.1751427095744
393,-11.725168432631339,-63.73145422827447,28.637218165545512
394,7.905868289951377,-51.231206939259685,9.093797295130123
395,8.682255440116146,9.008015851443895,25.68453816887931
396,7.672668098538715,9.36932259055937,25.542849555365954
397,-7.375890394311321,9.58168432652638,18.78561409999428
398,-51.46201435546559,8.20646777540388,17.746734836110328
399,8.30580055918683,-52.14924880382163,2.5268076461647144
400,-29.635351616073713,9.082173230748392,24.319088123045532
401,3.9242637539348557,9.44399182583971,31.897118236344504
402,5.172976065690278,-66.28365689744722,21.618395499796147
403,9.410071584949563,-6.642696992053084,20.728037310386924
404,8.974691689745478,-41.02312551607307,8.452055046253356
405,9.451998546001496,8.054518357304586,1.1996740966946187
406,-48.75067254707989,8.360230674958105,24.140893291403696
407,-7.181728786886451,-67.79093124969536,34.8049189559209
408,9.67302957092146,4.016151456076975,32.78370387394172
409,9.41230092560778,-10.528325938628797,33.406099908437895
410,9.468042762806354,4.1274135529715155,26.481634946020183
411,6.815571927705301,9.520926135423801,6.730463661711791
412,-44.36576628918142,-34.56621347605474,23.600297017074936
413,7.59023123857345,9.385312419700565,25.533427852413478
414,7.666524807625594,-56.778879797622004,27.98630767698802
415,9.673514528514968,5.603547730100582,7.5616353072398805
416,1.2256932738726447,-70.52531355190584,9.364041433755439
417,-10.9924015785233,-70.49981042128891,13.903190518575348
418,9.455550063637983,-14.340238776556054,1.8720309491137037
419,9.32522969197548,-0.219471161252543,1.5107418100757761
420,-68.13308008220025,3.4328857756970543,10.8974395663822
421,-69.72311386070719,-3.3237520245133516,29.54080773460232
422,-28.117033793972716,-46.89717656017815,9.938050754060635
423,-5.9897007031933525,9.379521059275644,31.03951885456546
424,9.586304420672505,6.670642920358938,7.378377828003478
425,9.295709678127789,-15.985739524607325,1.9202883940203548
426,-70.33453107448653,-1.7732975465296277,23.118036529509823
427,6.574668254637844,9.417454985356157,19.367783580845423
428,8.036646097239885,-49.42898155532258,8.980991524734032
429,5.007961597526131,-66.0607744990277,2.942165992102658
430,8.674786784561894,9.293966768128659,13.169062401242233
431,-63.53575301223989,-11.761546368713134,29.750237135759118
432,-70.39172380361674,-3.9080971807350573,10.898470159160443
433,-60.4177968956446,-14.742679396040987,10.654003825753275
434,-25.197123196578183,-48.4032640595896,4.079866066118347
435,-11.128953928256013,-64.00366817868039,16.003113039522578
436,-5.058267261589311,9.203424735600176,12.093086532750423
437,5.250073235351203,9.568700058286469,6.530839655951768
438,5.123788476184792,9.452230623507063,0.36051278793296343
439,9.568020355236339,7.043252912025716,1.2497440087517326
440,-29.24772085389708,9.456355584939711,18.337149619062608
441,9.542955240178983,-23.845272084058053,14.648311292801418
442,-55.664528982323404,6.7956507057553495,29.931458305411706
443,8.53166089032819,-43.71354579341383,21.249406255695813
444,9.347869576470682,-32.980544219052916,14.60757933944817
445,3.9588811078691037,9.448721066277333,31.898749335329473
446,8.270236530234289,-52.52582613440327,2.5447296379016415
447,1.7244742526485894,-71.38356264595757,28.144733041798325
448,-51.447908971386845,-22.924587789548006,22.973645554989222
449,9.509574987535391,2.6434574345110997,26.70951495668347
450,9.210482965727788,-13.12706128419201,33.310116352582945
451,9.951761884320483,-6.267623038297705,8.056066267487555
452,-10.128446978544028,-65.11992257490104,28.65592387739978
453,-56.70479067241231,-19.45957827798849,22.959877149399098
454,-59.9290572535039,-15.129209001007686,4.230626869660496
455,-44.65637790705088,8.804411970425196,11.5162288402165
456,9.06548381850473,8.775120713017872,19.718850246199437
457,-50.21079519475806,7.998970777456637,11.526756441338573
458,0.3928789402067691,9.595657219687089,25.267323859404797
459,-18.05590177418096,-56.47356579819443,22.834993548616538
460,-23.674140127130794,9.449996843021754,18.444536534536077
461,-36.80713719865369,9.014741566200229,24.565044811104833
462,-53.336122134907306,-21.33179966588694,10.641722954885216
463,-42.94574494734634,-43.10069587956715,24.570481374645507
464,-6.456208908385936,9.332263244526457,12.155532651240055
465,9.327512001421763,-12.71637548244861,27.14514622980326
466,-69.21418706030548,-4.359099881552423,23.38652721218666
467,1.5849953129572696,-70.43188785262267,9.385226958802168
468,-35.745979986120105,9.092758310553865,5.208944863089963
469,9.494442996860942,2.9232911584505072,26.684722995147695
470,9.184438933663984,8.45928659170083,19.75484039386417
471,-42.94316156993513,-32.05024211536947,29.21785127059747
472,-15.321497412602573,-60.060197452818215,34.99274991340518
473,8.570139244404205,9.258992984005916,6.914331405074352
474,-58.6315932841169,8.080248378291603,11.436666445905608
475,-11.951438310941036,-63.53246126410056,28.63746014348205
476,9.508768251280811,7.302957616917562,7.280792567735139
477,9.491863976383133,-18.05622058702273,14.477166343743525
478,9.372985928100773,-3.061810079907581,1.6010057902978936
479,2.494513319896503,-69.96899742467812,15.725775527467567
480,-66.05792764277814,5.541028899118486,24.090669423759245
481,-70.93089221402752,-2.6505833629270334,11.146511516787733
482,9.60061476337582,6.750538128425761,13.749226507595736
483,2.0995501943410373,9.163867162225374,0.30222523633136167
484,-69.76044346879866,-3.2385353191798822,29.53039302339021
485,9.230225012742139,-30.141834178629857,27.352112532055326
486,-15.448553504228991,9.347857025821327,12.191529459382012
487,-9.249472960502134,9.400095928028325,31.081900215352835
488,9.682371850063943,-1.9096227249701223,20.277466067201367
489,-66.33899524554786,-8.115977936393353,10.97868305849046
490,-69.20877358760819,2.2275097085484292,10.873883268644699
491,7.844789238951025,-55.67052054637607,2.687009665841096
492,-70.16006129889578,-3.085096094436544,17.035050935003426
493,-24.55254527162053,-50.00558588510832,29.04155120273317
494,0.887960996871171,9.07663081121949,6.344757723561313
495,7.259887681600492,9.420263833047757,12.877592498975341
496,3.841700828219185,9.442868826830829,31.893152044647763
497,6.707612829089849,9.619144630491187,0.4000791040612615
498,5.6501027276246845,-64.30978035936906,2.9109211892107467
499,9.121607431761685,-39.15648206999144,8.431292332292886
500,1.1772140206390715,9.563617766699513,25.276299688417204
501,9.284123204017762,8.50927412989316,7.117125830734504
502,7.48555053001427,9.672867575369425,32.006485305017584
503,-57.97224347181534,7.345422229936,24.09585022876555
504,5.362390037985358,9.48551694137032,0.35912396591126344
505,9.013565181569211,-19.664011952361633,2.1137663632635233
506,9.802817769886953,-1.503897436625815,7.899068246719457
507,9.681465984682445,1.7530739646672622,20.1131456888987
508,1.5912015329693405,-70.36343247807721,34.60070344350561
509,-0.08904156675383869,9.598215301599122,0.15627171092248307
510,-66.71083816865871,-7.85298793795374,10.941289338130742
511,0.8545374904626849,-71.08203405682659,15.709659115471506
512,9.378938495535795,7.906952178939882,32.350568527712696
513,9.25414945691939,8.145318457535424,19.788305010157416
514,9.117198103766562,-10.48230044722,27.13077748492364
515,-1.7066240802827202,-71.07180606880192,28.318417880685338
516,-40.1585417374255,-34.307505515086135,16.35062112517051
517,9.600888103143458,5.989265629294936,13.842820798312186
518,3.2680911312281102,9.381637339724543,31.858617222032372
519,7.279576805221774,9.646568581690653,0.4648096869151283
520,-65.07581877292384,-9.728303984366638,29.683619491418618
521,8.966715741496674,-43.735144335567156,2.4856478252247762
522,8.947490644640967,-48.91707367534472,34.37698906916702
523,9.556481422991993,0.5710971770243514,14.07032236481516
524,-0.7224531529971306,-71.01442161587258,3.115344234164268
525,-11.341015250284466,-64.53020273310759,22.255368890609578
526,8.657269938463987,-45.65629198301857,2.428827978570099
527,5.588225162384629,-63.05849681068004,34.56987495580138
528,-28.155636876259884,-46.83000942360369,29.136127656567975
529,-2.872547962504357,-70.28157579434642,16.004270028111264
530,-68.74223764092754,-5.283298397675731,23.463700408408535
531,9.568602490315394,7.35297440619081,13.658858868986979
532,-8.904706778853956,-65.08791377328428,3.4952212454438567
533,-9.252961782072717,9.497490662600786,6.157561212587275
534,6.214314532768545,-62.860696619337034,15.401758480564467
535,8.988918021924448,9.100079322934466,13.28590179992446
536,-31.916747576472886,-42.99017035436661,10.333976040114873
537,9.584671187543366,5.170146934599624,1.2960720694024979
538,0.31527753787120066,8.980390511785387,6.325284918345417
539,9.592319908614165,-14.32370257014814,27.18143125764173
540,-21.284133546883073,9.28682543999032,11.922147384742875
541,7.012704671638232,-59.39906263923721,2.8178390903219577
542,9.578072618586322,5.348081126073947,20.041028985764118
543,9.543750297020319,-26.71916326348306,14.599889836214174
544,-10.977467731404662,-63.90103881234129,35.08728136835337
545,9.427414429722942,6.954200017852301,19.922249072292068
546,-9.433430189959338,9.47670908737247,12.323028314748873
547,5.2975818065318885,-65.42285476502548,15.4070505081622
548,8.576654530293544,9.383611868370556,0.7709756601246747
549,-70.86137452912307,-2.9054728447667335,11.105963369451121
550,-32.93951605726573,9.074358243908039,24.467433493467063
551,8.814823802024705,-44.48025456292611,2.475308362589818
552,-2.579568811267111,9.62214328921157,25.212487045749324
553,6.071168016878163,-62.90286806286099,2.8904012207798178
554,-19.63282660538134,9.562965035921897,18.38350350557909
555,-70.57474161526798,-3.576632978208641,10.970584805079472
556,-70.41782817952749,-1.7848671488123073,29.453777496746135
557,-70.41194092716714,1.9781339522884298,30.339283167899147
558,9.540565451091748,-23.712129195043786,14.642987738504512
559,-53.47909025762207,8.039564017142627,5.363191358964452
560,7.7488189357434605,9.636832781650268,32.02133766143953
561,-10.54869867618092,-64.49673851161046,9.75020463985656
562,6.715453203263119,9.451669015757172,12.847268784058073
563,9.452109675516464,-18.84398434742787,20.767070050899697
564,9.686908660967728,-1.8946682553081078,26.870438628731144
565,-11.634678371665908,-65.33432377582443,22.17214953745387
566,-0.2045021273511997,-71.02134598601297,3.121995595739019
567,-52.05660259470331,7.737767178825804,30.287934408789475
568,-59.33532900370135,6.724255025112804,5.100777491394317
569,8.543094973379976,-43.81105925554476,21.24501012983576
570,-24.269904748498238,9.477839644350123,18.45833237950602
571,3.635847633048683,9.362661223559618,25.309142023495287
572,-34.16342290416533,9.234411285090745,5.38966184482448
573,-33.59863453289414,-40.93752196432763,3.7020522196719754
574,9.37824218363337,-33.7774331964958,33.70048755233921
575,8.693934945571206,9.223819769290866,6.936513151440624
576,9.515642626853936,-4.893851070069268,33.188356896700284
577,9.893618646475572,-7.066886407498056,1.6190125009652605
578,-4.726227530499532,-69.35716274681636,3.1463183573080187
579,-25.253692762052605,9.984405456660337,31.07510823494264
580,9.66222922976632,4.722887294924458,32.73912400435407
581,2.501249513486832,-69.96032679919453,15.7251680437012
582,-35.542409472479925,9.116335290282414,5.233235305333638
583,-61.856340800530404,-13.163599449517463,17.18675239633288
584,-66.20192112593759,5.490744479793057,24.088126550874257
585,-59.391798406677296,-16.665964820874574,29.581947438285095
586,9.58220263529013,-4.428346438805887,20.608254508135946
587,-15.458672853028133,-60.03308754451105,22.486553027531563
588,9.332377540426364,8.533619212906896,13.449939865376322
589,2.4981193347418036,9.17276046521543,0.32798147643908593
590,8.057437024110072,-54.39190850209114,2.6315945649462886
591,7.41290507903953,9.399099511516466,25.5151394862202
592,0.8538422927840505,9.299439971265,0.21223373843179139
593,-66.72801180589497,-7.849824784418819,4.468611107551995
594,-43.18510304164943,-31.720031184526807,29.206247070986603
595,-31.41946174297656,9.288258724886594,5.596742334424157
596,-41.73322386030312,8.697938510377757,24.29348454312583
597,-37.1978178823897,9.222895997470589,17.94101649306569
598,9.336494589665573,-2.8278195817344987,1.5754106486446013
599,-4.989385324930129,9.357990995589214,31.051540356069854
600,9.731576971439491,-12.335463390226701,8.174313101718072
601,9.503136218634381,-5.255398776603572,33.24190172012673
602,8.803877523800214,8.906849632977234,25.71932557527554
603,-0.6652616167744159,9.592435937373674,12.498131637028765
604,-67.60865103970951,4.39324733275413,30.24488306895507
605,6.933553343489865,9.421384517380428,25.463592553995845
606,-18.171651511474685,-56.32359013174448,22.86024519261767
607,9.05749060208134,-36.12155992164706,27.613898350888196
608,-61.2881754588681,-14.69553487026612,29.45952420894684
609,-4.938810658611472,9.140762429750769,5.937774277028098
610,-57.573182119202876,-17.401414568048132,4.207993371227522
611,2.555353578548259,9.314918065397118,6.400133727226736
612,6.2605114964108495,-63.316990475956175,8.889002549911767
613,5.76969334848893,-64.19041655588128,15.402412846767486
614,-28.827034753047172,-46.13726563043606,22.608613203593226
615,-0.20121629523535228,-70.91901216878537,21.90826642960921
616,-60.16622833614807,-14.924974090031924,4.232983743963185
617,-70.35573392171926,-1.6875089234226848,23.11577250086173
618,9.133081482912015,-14.261936842677661,33.31370054885666
619,-10.638471989498266,-63.49245791829113,3.687304233496792
620,-43.47592969121589,-31.199658914746998,29.18817145558328
621,-52.389710157238916,-22.977410344259237,29.197411891534006
622,-22.590186770012412,-51.14495974351121,3.8310107934663193
623,-26.386523317244336,9.30105856507143,11.786531868980752
624,-29.941552054772103,-43.918337593067136,16.497603941594125
625,9.58344641186129,-7.648432716283975,14.711911809324373
626,8.860608984546783,9.143681451137208,6.971251993623447
627,9.814617459189595,-14.615889588898648,20.558262848759927
628,-44.27480088702171,8.412735012826783,5.219375767294068
629,8.680367143187338,9.319908547120807,0.8106861361617197
630,5.713228416402385,-62.47137801240763,34.478185940577966
631,-59.24211520207623,-16.144959719891776,23.718369100866475
632,1.212248443369697,9.224249569480998,0.23747517474044527
633,-34.035287115202195,9.104508167849648,24.560216744622547
634,-6.034059209774026,9.382714681629176,31.039516748107808
635,-55.63860304476251,-19.397544114420036,4.211296709575368
636,9.584888490106483,-7.563734277486724,14.714428216300103
637,9.46365256046641,8.090097957779465,13.53650078871812
638,-51.88806180768555,-22.60281555351538,22.98594528587579
639,2.1223766138008524,9.507278706285154,25.30064867628401
640,-34.21355989675562,9.24504143086941,18.122375360036404
641,-1.8825453732005677,9.437480521720444,12.37048125411533
642,9.439168534076336,6.912772606899601,19.926096579498026
643,-16.371041327704877,-59.416453693475226,3.7522899753609367
644,5.618309314298804,-64.78396864161178,28.10022031640155
645,-60.62709264242401,6.798133243857352,24.056435167048278
646,9.242692888180711,-32.98999823108896,27.66448295688766
647,9.577711269381359,5.767521111636831,13.86595105562082
648,3.3930646314108066,-68.93235473906911,34.607618574932346
649,7.689842854626818,9.452542515045902,19.503081722308504
650,-69.63598604156103,-4.604053684911529,16.810659918618633
651,-1.7899099479906162,9.65543578339217,25.269266880914234
652,-37.621816000607986,9.254632090576205,4.945902025528224
653,-63.133651880668914,-11.73179226648266,17.27162648146065
654,6.885669830168956,-60.5900705101844,8.989430014833962
655,-31.404180643997428,-43.54382942592766,28.726678832015388
656,-19.248669016035407,9.432218757868622,12.13595136427014
657,9.062866094943368,8.782024577044018,19.721131704940504
658,14.314875220296596,-45.58124972613917,0.3453414015003341
659,7.162734260399287,9.501743962727792,6.76400514743951
660,4.063473638695629,-68.29545628118866,21.686428197743332
661,9.376430702912367,-3.0590699868433227,1.6007334676462641
662,7.905572850534109,-51.23022256067653,9.093688558943505
663,9.65137766038034,-19.243884526284294,7.988693048491252
664,7.6111725796953404,9.386817520877017,25.536491193893802
665,9.515346622828957,7.226677639888713,7.29103096055942
666,1.5377429317989586,-70.48204643561239,3.105094614175406
667,9.400636108115188,-6.412653170973587,20.72115943284294
668,-16.383221474434222,9.598264789726302,31.01648794561733
669,0.07743097620052751,-70.99529373560739,3.123839966459188
670,-70.74765190318277,2.2294721086601177,23.661911152218423
671,-70.73110994902231,0.2530281946763475,29.890934450517108
672,-28.616922810869987,9.524186229949061,18.37667807116626
673,-49.41034315411504,8.378864243095967,17.691242841527405
674,9.64275787610033,4.95130479383092,32.71622610846434
675,9.708777928937744,-16.125464191663053,27.14429498440191
676,-71.02764390790921,-1.3621218083283995,11.219330630440357
677,9.492423237450799,-18.548234245743526,33.67982408030742
678,9.40078738535144,-36.32980989390761,33.7681527944263
679,9.682044471060923,-20.2845399811767,8.051565027893181
680,7.3066744664226295,9.48691210527054,6.77590507585135
681,9.513663181839842,7.184801046890487,7.29867733736719
682,-6.0722592453347435,9.298176591632883,12.123268624788237
683,-59.9613670066528,6.595181315370081,5.066115607713796
684,4.468381476525996,-66.99517047905913,34.63911904922334
685,8.210060300753605,-52.738164580849,15.068143837286891
686,9.679069987613634,-0.598684770383721,26.746462641897928
687,9.27479770360631,8.558009672100535,7.110384357505323
688,-0.8314931632854782,-70.66304668240349,34.65560384643079
689,-52.177992064433475,7.853571819713989,11.45422753122567
690,-61.75232899568495,-13.522929225431444,10.52226288956144
691,8.983191196142691,-37.30803142126789,21.261143449951756
692,9.428693820169219,7.87416272961418,7.203183139982208
693,9.721232132186364,-3.550126610577238,7.840901815363767
694,9.767808354978392,-0.6827088371021919,7.903685338607628
695,-14.961552914860343,-60.77180632657596,3.777047196406948
696,-4.439682692703956,9.430634759810575,18.848917230345524
697,-63.906553901189966,-11.14295795847762,4.356903904014917
698,-22.271247261638845,9.52904333491946,5.755028943139426
699,-58.62749777492278,-16.322601492304152,10.86672746716304
700,-4.062997162441691,-69.51965281959494,15.832849104124744
701,-26.22524679315101,9.296040142175851,11.791357613400393
702,9.209527900159518,-8.946999659308938,27.13217264963392
703,9.402808454644875,7.044343508176797,32.44524788593441
704,8.008755448802116,9.574933070143825,0.6044528218956758
705,8.991401476385443,9.034445237151091,7.006448370071188
706,-36.26965325267655,9.11031941349783,30.45921846069041
707,8.1158715283938,-48.585223395889166,8.891751853313384
708,8.039966140993563,-49.313724647942976,8.972013099368718
709,8.77957089768399,9.251268740296108,32.13610794199873
710,8.345652165478214,-51.313519966870764,2.488257309950646
711,5.449604686187009,9.61862895136829,31.946473337973277
712,7.1533524682451555,-56.60756390791353,33.88346881442897
713,9.216140449439795,-23.92669700286023,27.095932841783583
714,-14.13258720044951,9.455223037390999,31.11114315733238
715,5.9434595168225615,-63.92865472784359,28.06138690385913
716,9.455302525951288,-30.763404418127983,14.611360268667422
717,9.200136930790586,-11.94566897724213,27.129225767931594
718,0.17226486192155327,8.951283338130933,6.323065002850956
719,-0.11617972824639851,9.65034831787047,12.552065234020585
720,-24.256016592012102,-50.32724259579114,29.035011433955003
721,9.672299480493564,-1.796407203533327,20.261648703341145
722,9.488808761545295,-32.91690654660183,21.215202696380885
723,-38.429328170146135,-36.299036437962954,10.149372809852055
724,7.714565757220521,-56.31273776752464,27.99347411791357
725,3.737002190518125,9.323100208674067,19.05791823382888
726,9.675545700211746,4.388473725954862,32.76580402964245
727,-44.26105746065367,-35.13074353982158,23.690616273355268
728,-10.346865799696705,-66.24104224597679,15.477629692349035
729,-0.07730152782248688,9.420219267796522,31.61874226576507
730,-70.67317412352007,-1.1030472188677887,4.577968605604161
731,-67.19750999139471,-7.607314220219334,16.389879100550182
732,2.790737073112486,-69.59013217239702,34.58704181362754
733,9.630994607014612,3.700364344327023,7.7703598684604405
734,9.347448788998141,8.32622914554998,7.142692490426347
735,8.246155375607275,-52.412938498457514,15.04405653833651
736,-70.07488961519991,3.1853062059692374,23.70011986941038
737,9.670621924446415,-1.2150400924210103,20.17968755943007
738,-15.894000104011246,-59.43913819486147,34.91918400866606
739,1.0220987020157513,-70.2050386712728,21.96046268923373
740,9.291799867152289,7.460076049442134,26.051612547055953
741,-48.91291069270851,8.419385376112636,17.673744740429186
742,9.46051114111133,-24.168447947376837,33.24962192266726
743,8.54331484522001,-43.9678920261829,21.235087660753603
744,8.934869667134622,-46.377332265894495,34.53899755421097
745,2.0087450183700857,-69.67068448095988,21.953948869932507
746,6.355362861267531,-62.35828619630534,15.399709115302741
747,-36.95025752364739,9.045703343390372,30.385034773865662
748,9.105725474052633,8.947051290431736,0.9951896740360151
749,6.417170980010562,9.472524605049312,12.847865301973531
750,9.629503008183505,-3.0122183718361413,26.92425392137821
751,9.598336215133358,-6.289184723709505,26.918898718152555
752,9.285911508369656,8.509451908283575,7.113917306350855
753,-31.35545296047082,9.301653325731118,18.247723406509042
754,-10.746814893068787,-64.57640496616962,28.643072642039492
755,8.981469981643567,9.037946409120927,7.002534130596641
756,5.5442282398005585,-63.25535272093198,34.59736212967511
757,-21.71045361785648,9.437333579519025,24.645615490873833
758,9.790868512939522,-0.9930981731996784,7.908240408676329
759,-31.919468871137973,-42.30499437125531,16.39915911324984
760,9.525988630337746,-7.813445088277933,20.733510534791186
761,-44.009281004793635,-30.621285486400485,10.51795827524477
762,-70.51628853648825,0.49865601018507455,17.476176206604556
763,14.179123540553388,-41.346701235802854,0.1284212406966186
764,-38.83111288438425,8.867015699124842,30.353224182791497
765,9.662763147813724,-2.541187440751216,20.362797792969406
766,9.682503144255564,1.641059219304644,20.110017297512957
767,-68.50165168121194,3.0235837101284324,10.871624758749554
768,1.6942952125975215,9.733410456094415,12.658553329684128
769,-5.781277660117235,-68.02407624041476,28.25594694878314
770,-56.23253550120561,-19.966023573226735,22.80629890068179
771,-49.020287863761475,-25.072005114884497,22.844900365549183
772,-1.4633120062767944,-71.1300422123142,21.90058303845285
773,-70.41141938221595,-1.532129078799199,23.11218929331851
774,9.626370683267426,-3.011849643642334,26.924016365808352
775,-28.823873504664924,9.49663405059531,18.3641588651532
776,9.550435670392961,5.617372692555895,32.63794515081919
777,-6.548215084006292,9.348559473823846,12.163783278110436
778,5.756211661263332,-63.99874673876245,2.906036919385018
779,6.037988906684136,-63.383443987672955,15.402589168999802
780,9.427502815902265,6.621729490525058,32.499832202205795
781,-67.93358636923855,-6.950146653751086,23.70058970516922
782,-10.352984819456388,9.44295448172666,12.322759904563153
783,-20.13746992497854,9.937792817631049,31.202184014947683
784,-60.45432683316609,7.216269409845319,11.29275136503814
785,-24.082074635524485,10.168611464351653,31.18091657736803
786,-51.37774688866425,-23.217028533609216,10.532264799772538
787,-50.71654151293754,-23.5255138686398,22.946343719093896
788,9.483665818963868,-29.02593325984152,14.5337846846726
789,-29.535997509684687,9.319057699813367,5.646169811594964
790,7.186320332368544,9.696239966193858,31.99187803624365
791,6.923982726276739,9.444554301045363,12.853869113772372
792,-20.791197918451502,-53.57314927518844,23.19711590305162
793,-15.56901178075832,-58.99106740818585,9.930670326264858
794,-30.145882749565384,-44.836159143758685,3.8863426785392834
795,-63.70719349995327,-11.513354806075421,29.743002888166565
796,7.284060265777379,-58.50879199334664,21.984193156997506
797,-4.604542492842527,9.185923076955598,12.10809910445407
798,9.374065538881375,5.970081619171882,26.225140562383967
799,9.912672140237218,-10.126569397884712,8.254074450389746
800,1.8657982983497305,9.236156952478504,6.385284509450662
801,8.39332262801525,-49.98179537998893,2.4335356016384155
802,-11.36479410742528,-62.98778193136684,3.7528195935431063
803,-70.23875015983317,-2.6200039632276506,4.596649562128212
804,4.25782560240407,-67.99083442432524,9.350011617104752
805,9.485085720149971,-25.008453441668767,33.154034162210436
806,9.508236853538875,-17.982050162563652,20.686573789060418
807,-39.16804508118636,-35.30449771593292,16.44098581949501
808,9.559663453782989,2.496842386472312,32.71033501929263
809,9.24773041361283,-29.53747760877218,27.337725732576224
810,9.473246714815174,3.95857166703993,26.514983267527384
811,-5.699588653779939,9.50637923327503,18.799314201733687
812,9.50547308431797,-18.663442486651654,33.67701964626078
813,-22.044367760826553,9.447669694692966,18.37968014676445
814,-66.19801647369283,5.291336972926324,4.877007891617126
815,-70.69943536429676,2.3679859379487067,23.67776999823564
816,-53.82002933763867,-21.385215351726714,29.34550478277283
817,9.639994265401985,3.909665462612324,7.763839378158669
818,-45.9995650012622,-29.490232255944743,23.217085020380168
819,9.576324429806702,5.527396652561276,1.2814007639205987
820,-13.804512885458697,9.413405648790764,5.91927990946898
821,-58.99714373423203,8.018985166054097,11.420025317908317
822,5.078785144449535,-66.13552063555895,28.176464972175058
823,-4.536630015764723,9.433523020007321,18.842504994082116
824,6.118575081814622,-62.760701599246204,2.888001880529849
825,9.575242419543853,1.4521605801824822,32.6693630453523
826,9.590097723195926,1.2365356826981178,32.66917015856338
827,8.886835635370627,9.175954331413752,13.24323756237888
828,9.752588558395535,-9.573628973570234,1.7182297091210412
829,-68.5029125546488,4.0173645212930165,4.838075935316271
830,-63.70047787890178,5.2934299367148405,30.316933386739294
831,9.571692366096567,5.466288011841626,32.65681611009684
832,9.179150974675538,8.18517227598417,25.900754571528573
833,9.430901131694913,8.171582985729232,1.1854324215344483
834,-3.7512773728908635,-70.01575511794216,3.1120872277740155
835,-65.76149267371463,-8.534280379156218,11.026837201180978
836,-70.74556265399502,2.036661210096301,4.773281680766852
837,-11.712275559447619,9.313888661419082,31.21297301133484
838,9.657395536931766,-1.9707995419705384,14.188817843922541
839,5.179358106336553,-65.63652349285958,2.93348910928004
840,9.53916967938503,7.089458647873921,7.311791746066978
841,9.435594703612654,-32.96809575734519,33.729209367946794
842,9.198910831401054,-32.04990702531001,27.5103359572391
843,-21.582477667221248,9.454740879609824,18.36066548872351
844,-23.022695453494745,9.526384971348824,5.748075922445544
845,-21.998655690564895,10.126908305362418,31.263209710715483
846,1.797250858441385,-70.59226918651811,15.708281229748446
847,-4.469684921017249,9.196563654476462,12.115019352926604
848,-31.4468296962227,9.296220322195468,30.85143973138957
849,9.049098638984592,9.031544269851363,13.312099146492637
850,-22.66783800111327,-52.629446071868685,9.752183865614438
851,7.7291024795935765,9.362426188060585,25.549468650438
852,-19.772568957696983,-55.396686421625546,16.34303295006793
853,-14.779084621849515,9.419299376012997,5.888969040698386
854,-1.0016690923962002,-70.4601636388879,9.406442591414724
855,9.511013861792435,7.743605869686322,13.594188899505188
856,9.807818867630495,-4.840833747440178,7.922169821760804
857,9.267166202970289,7.772533522087569,25.993592814513384
858,-10.21628903386741,9.452591141493137,6.152673727829859
859,9.465305773735318,6.176664025009622,32.56222104384844
860,-70.68079955441108,0.8300841033415003,30.059661414392657
861,-49.808530083592316,8.356322031731178,17.703660063514384
862,9.23194112428095,7.975985069549381,25.950708087127794
863,6.602530478479379,9.452206362344509,12.845957283635755
864,-26.503467944992884,9.201046541690623,24.34411933917945
865,-70.64942814892937,2.490040508026291,23.68967561346586
866,9.647708938637267,-3.6979131275106214,20.51395196406859
867,9.29849331733088,7.537060081729305,26.038010914893697
868,-68.69685280039151,-5.231222237764034,29.753986125468497
869,2.2788648182921314,-70.01452021665966,34.5821887602254
870,9.606655917748313,-0.26863150722085277,14.108859215748092
871,9.481723216088469,3.4904362639482813,26.604181058573648
872,6.0206875980590056,-63.11327185781963,2.8931239103978674
873,-3.4344334806153114,-69.53740830198028,9.601738746033742
874,9.586493908020731,4.510573272670833,1.323343146381419
875,-22.631164256262863,-52.678914242425456,9.742605131702186
876,0.6099968598199408,9.404057382131745,31.6716586744971
877,-19.290164887528036,-55.970621270025774,16.331360466793647
878,-2.511403852299449,9.61554579194873,25.218690749157624
879,9.848636876593769,-10.961398017568662,20.64240582442821
880,-2.3311499790703136,9.341376260948394,18.924755315194698
881,-17.638821841367506,9.43401424114938,24.66338563979131
882,9.803119158665098,-1.1922147023355976,7.907063142032032
883,-30.037920111279682,9.290541268735499,30.81101759386428
884,9.317482145411782,-34.05324020856555,8.57421114678933
885,-69.7487230459433,-4.352934179562362,16.854411405518427
886,9.159928299768696,-34.73854197230886,27.694869694703137
887,9.594282868244983,-16.967838093607888,14.472893258702248
888,9.48510724021387,-22.004588968224983,14.631892363740093
889,-16.559086617891705,-58.743829724444915,22.5251097877178
890,3.11783495859578,9.698436452194777,12.697088028605952
891,-70.63146588503642,-1.4051428960860446,17.216754640600954
892,9.289229256238276,-35.12390404507156,8.516247412365086
893,3.102257891418265,9.416837377561585,25.311904105207457
894,-70.35547262281776,-3.954377520421808,10.888187423239435
895,9.911685698671738,-12.18907981202008,14.695264894475224
896,-1.601708887888924,9.661456407457393,25.275844645367098
897,-25.68995708277141,9.476476772575863,5.709533804151791
898,5.387192756311656,9.486947530507496,0.3586054270288193
899,3.8726228099054225,-68.66798605800452,28.26223340873712
900,-67.33972753795157,4.225770524861007,10.979018673502456
